mol_id,smiles,A,B,C,mu,alpha,homo,lumo,gap,r2,zpve,u0,u298,h298,g298,cv,u0_atom,u298_atom,h298_atom,g298_atom,id
gdb_777,c1(=O)[nH]nno1,10.15858,4.07493,2.90831,2.925,33.27,-0.2987,-0.059,0.2397,392.3951,0.038735,-353.321142,-353.31678,-353.315835,-353.348826,14.809,-686.090730204,-689.574032663,-693.128243639,-640.578129943,777
gdb_7770,CC1CC(O)CC=C1,3.25261,1.64299,1.16967,1.2592,76.72,-0.2404,0.0252,0.2656,1059.8362,0.178008,-349.026042,-349.01793,-349.016986,-349.058115,31.605,-1901.8436095471,-1914.528703982,-1925.791235514,-1768.47096416,777
gdb_7771,CC1CC=CC(C)C1,3.1989,1.61764,1.15574,0.2287,83.97,-0.2349,0.0303,0.2652,1115.5621,0.2015,-313.101561,-313.0932,-313.092256,-313.133821,32.799,-2085.565694567,-2099.8722722581,-2112.3207958,-1939.1954552631,777
gdb_7772,CC1CC=CC(C)O1,3.15422,1.8236,1.25099,0.9667,77.38,-0.2412,0.0239,0.2651,1027.8721,0.177153,-349.025453,-349.017297,-349.016353,-349.05758,31.467,-1901.4740067461,-1914.1314907851,-1925.394022317,-1768.135246845,777
gdb_7773,CC1CC=CC(O)C1,3.26123,1.62509,1.16239,1.7302,76.39,-0.2417,0.0165,0.2582,1064.4867,0.178135,-349.02598,-349.017908,-349.016964,-349.057997,31.543,-1901.8047039891,-1914.514898784,-1925.777430316,-1768.3969180981,777
gdb_7774,OC1CC=CC(O)C1,3.31598,1.65005,1.17633,2.3893,69.23,-0.2477,0.0115,0.2591,1009.2757,0.154644,-384.949873,-384.942061,-384.941117,-384.981687,30.333,-1717.7136436771,-1728.8092578151,-1738.885797337,-1597.293411559,777
gdb_7775,CC1=CCCC(O)C1,3.14822,1.65151,1.14121,1.3773,77.42,-0.2303,0.0316,0.2619,1077.0706,0.177866,-349.031259,-349.023038,-349.022094,-349.063427,31.781,-1905.117324,-1917.7340199541,-1928.996551486,-1771.804291968,777
gdb_7776,CC1CC(C)=CCO1,3.36944,1.66173,1.17199,1.2436,77.97,-0.2324,0.0297,0.262,1071.4471,0.177027,-349.026684,-349.018391,-349.017447,-349.058979,31.588,-1902.246470325,-1914.8179856311,-1926.080517163,-1769.0131319361,777
gdb_7777,CC1CCC=C(C)C1,3.07001,1.63904,1.1317,0.1754,84.68,-0.2251,0.0365,0.2616,1130.8333,0.201302,-313.106659,-313.098169,-313.097225,-313.139066,33.003,-2088.764735449,-2102.990364479,-2115.438888021,-1942.4867399681,777
gdb_7778,CC1CCN=C(C)O1,3.1431,1.87494,1.24431,1.9314,73.38,-0.2375,0.0347,0.2722,1012.412,0.165971,-365.099992,-365.091818,-365.090874,-365.132357,30.585,-1799.643728753,-1811.400737377,-1822.070272904,-1672.8316899611,777
gdb_7779,CC1CC(=N)OCO1,3.68625,1.75352,1.25508,2.2109,66.16,-0.2622,0.0163,0.2785,960.6181,0.143364,-401.019411,-401.011933,-401.010989,-401.051212,28.057,-1612.745193175,-1623.161215066,-1632.644758583,-1498.6941774071,777
gdb_77700,CC1C2(CC2)CC11CO1,2.96651,1.28538,1.06604,1.7494,82.87,-0.2549,0.0737,0.3286,1210.3007,0.181391,-387.047259,-387.03849,-387.037546,-387.080593,34.24,-2011.3094170521,-2024.4714183271,-2036.326318355,-1869.6009421091,777
gdb_77701,CC1C2(CC2)OC13CC3,2.91218,1.34705,1.10115,1.5471,83.36,-0.2133,0.0787,0.292,1196.9107,0.18078,-387.045546,-387.03668,-387.035736,-387.079025,34.75,-2010.2344941351,-2023.3356270371,-2035.190527065,-1868.6170079971,777
gdb_77702,CC1C2(CO2)CC11CO1,3.09359,1.29904,1.07582,0.6313,75.62,-0.2574,0.0573,0.3147,1162.5951,0.157223,-422.972187,-422.963589,-422.962645,-423.005631,32.697,-1827.8678285551,-1839.359400872,-1850.0283088901,-1699.343317702,777
gdb_77703,C1CC12CC3(C2O)CC3,3.03404,1.29178,1.08715,1.4331,83.59,-0.2483,0.0777,0.326,1199.6928,0.182237,-387.049633,-387.040953,-387.040009,-387.082802,34.426,-2012.799123418,-2026.0169729941,-2037.871873022,-1870.9871094901,777
gdb_77704,OC1C2(CC2)CC11CN1,3.05381,1.29975,1.09051,1.3635,79.9,-0.24,0.0687,0.3087,1174.1994,0.171119,-403.091496,-403.083001,-403.082057,-403.124452,33.466,-1890.4643613411,-1902.9091198291,-1914.171023852,-1754.8960619631,777
gdb_77705,OC1C2(CC2)CC11CO1,3.06234,1.3121,1.09654,0.8041,76.2,-0.2444,0.0548,0.2992,1152.4774,0.157878,-422.972094,-422.963475,-422.962531,-423.005259,33.08,-1827.8094702181,-1839.2878648461,-1849.956772864,-1699.1098843541,777
gdb_77706,C1CC12C(C3(O2)CC3)O,3.01899,1.35757,1.11918,0.4241,76.52,-0.2233,0.0747,0.298,1147.1442,0.157584,-422.971685,-422.963159,-422.962215,-423.004763,33.319,-1827.552819037,-1839.089572002,-1849.75848002,-1698.7986398901,777
gdb_77707,OC1C2(CN2)CC11CN1,3.14599,1.30582,1.09323,1.041,76.36,-0.2439,0.0533,0.2971,1149.0183,0.159873,-419.132634,-419.124294,-419.12335,-419.165582,32.518,-1767.674655239,-1779.3274973691,-1789.996405387,-1638.478709756,777
gdb_77708,OC1C2(CN2)CC11CO1,3.16278,1.30718,1.09076,0.9738,72.44,-0.2502,0.0451,0.2953,1132.7194,0.147009,-439.014434,-439.006174,-439.00523,-439.047292,31.861,-1705.774029934,-1716.58852004,-1726.664432053,-1583.259172774,777
gdb_77709,OC1C2(CO2)CC11CO1,3.20122,1.34244,1.12527,2.2522,68.63,-0.2492,0.0473,0.2965,1093.6137,0.134295,-458.897646,-458.889579,-458.888635,-458.930244,31.003,-1644.7594473371,-1654.806493936,-1664.289409944,-1528.8190019701,777
gdb_77710,CC1C23CC=CC12CO3,2.28906,1.97375,1.58547,1.6227,79.18,-0.2208,0.0092,0.2299,958.9689,0.160261,-385.840119,-385.832618,-385.831674,-385.871505,30.388,-1881.6698227061,-1893.8503999051,-1904.519307923,-1752.1099220031,777
gdb_77711,CC1C23CCC12C=CC3,2.67081,1.60577,1.49728,0.1754,87.08,-0.2117,0.022,0.2338,1034.2054,0.184289,-349.928173,-349.920395,-349.919451,-349.959765,31.998,-2073.2577330411,-2087.0422232441,-2098.897123272,-1930.7121610921,777
gdb_77712,CC1C23CCC12N=CO3,2.77182,1.7272,1.56851,1.4057,74.31,-0.2217,0.0104,0.2321,948.8079,0.148854,-401.907356,-401.900011,-401.899067,-401.938652,29.477,-1775.2574739951,-1786.6467623451,-1796.722674358,-1652.0184714491,777
gdb_77713,CC1C23COC12C=CC3,2.8397,1.62531,1.52322,1.8335,79.52,-0.2205,0.0082,0.2286,987.4346,0.160303,-385.841491,-385.83398,-385.833036,-385.872928,30.344,-1882.5307650541,-1894.7050671631,-1905.373975181,-1753.00286731,777
gdb_77714,OC1C23CC=CC12CO3,2.40301,1.97091,1.62544,2.4129,71.82,-0.2212,-0.0049,0.2163,904.5914,0.136558,-421.761337,-421.754111,-421.753167,-421.792484,29.167,-1695.9001758191,-1706.4755849961,-1715.958501004,-1579.305238565,777
gdb_77715,OC1C23CCC12C=CC3,2.76426,1.62067,1.5334,1.167,79.79,-0.2116,0.0181,0.2298,978.3274,0.160862,-385.8531,-385.845648,-385.844704,-385.88437,30.685,-1889.815517035,-1902.026842175,-1912.695750193,-1760.1828252881,777
gdb_77716,OC1C23CCC12N=CN3,2.86356,1.71085,1.59359,1.689,71.39,-0.2108,0.0219,0.2327,914.4229,0.137209,-417.95498,-417.947328,-417.946384,-417.986602,30.075,-1656.537791267,-1666.8452541011,-1676.328170109,-1539.880730622,777
gdb_77717,OC1C23CCC12N=CO3,2.85728,1.74774,1.60651,2.0785,67.01,-0.2243,0.0046,0.2289,894.0543,0.125308,-437.829544,-437.8225,-437.821556,-437.860549,28.223,-1590.0965108381,-1599.8969464,-1608.786866403,-1479.7898412731,777
gdb_77718,OC1C23COC12C=CC3,2.96486,1.63166,1.55448,2.0781,71.77,-0.2293,0.0,0.2293,932.6442,0.137089,-421.765041,-421.757993,-421.757048,-421.796041,28.751,-1698.2244691551,-1708.9115749341,-1718.393863433,-1581.537288078,777
gdb_77719,CC1C23CCC12CCC3,2.50077,1.55227,1.43718,0.3176,88.66,-0.2172,0.0851,0.3024,1095.8043,0.208353,-351.137876,-351.129776,-351.128832,-351.16976,33.486,-2204.5056329541,-2219.8651707471,-2232.906062785,-2048.7723318611,777
gdb_77720,CC1C23CCC12COC3,2.57995,1.59658,1.4495,1.497,81.53,-0.2285,0.0803,0.3088,1044.6732,0.184546,-387.057158,-387.049299,-387.048355,-387.088943,31.749,-2017.5211286431,-2031.2541631081,-2043.109063136,-1874.840642259,777
gdb_77721,CC1C23CCC12OCC3,2.56518,1.60623,1.47238,1.2868,81.28,-0.2085,0.0826,0.291,1044.2291,0.183972,-387.052218,-387.044234,-387.04329,-387.084147,32.18,-2014.421234183,-2028.0758300231,-2039.930730051,-1871.831109095,777
gdb_77722,CC1C23CCC12OCO3,2.74419,1.63716,1.50938,1.1605,73.89,-0.2231,0.0716,0.2948,990.0653,0.159413,-422.96934,-422.961549,-422.960605,-423.001166,30.842,-1826.0813104321,-1838.0792825121,-1848.74819053,-1696.5414900171,777
gdb_77723,CC1C23COC12CCC3,2.63878,1.57408,1.4627,1.7323,81.21,-0.2211,0.0678,0.2889,1047.4551,0.184331,-387.052812,-387.044947,-387.044003,-387.084585,31.914,-2014.7939745291,-2028.52324394,-2040.378143968,-1872.105958037,777
gdb_77724,CC1C23CCOC12CO3,2.20831,1.99758,1.56418,1.0566,73.83,-0.2244,0.0513,0.2757,964.3397,0.159668,-422.96324,-422.955446,-422.954502,-422.995193,30.639,-1822.2535055321,-1834.2495950851,-1844.918503103,-1692.79337876,777
gdb_77725,CC1C23COC12COC3,2.73013,1.61435,1.47358,1.2286,74.18,-0.2342,0.0508,0.285,997.9466,0.160507,-422.96966,-422.962035,-422.96109,-423.00134,30.177,-1826.282113312,-1838.384251886,-1849.0525323951,-1696.6506765831,777
gdb_77726,CN1C23CCC12COC3,2.65202,1.63783,1.50801,2.5029,78.72,-0.2262,0.0698,0.296,1007.4024,0.172242,-403.088523,-403.08072,-403.079776,-403.120294,31.11,-1888.598777084,-1901.4777718,-1912.739675823,-1752.286879541,777
gdb_77727,OC1C23CCC12CCC3,2.60296,1.55541,1.46836,1.4714,81.16,-0.2169,0.0728,0.2897,1040.8188,0.184702,-387.061777,-387.05392,-387.052976,-387.09345,32.31,-2020.4195927141,-2034.1538821971,-2046.008782225,-1877.668825322,777
gdb_77728,OC1C23CCC12COC3,2.68729,1.59975,1.48091,1.4904,74.13,-0.2278,0.0661,0.294,989.8756,0.160907,-422.980548,-422.972938,-422.971994,-423.012116,30.563,-1833.1144313041,-1845.225982513,-1855.894890531,-1703.4127135671,777
gdb_77729,OC1C23CCC12OCC3,2.74515,1.58427,1.49937,0.613,73.9,-0.2165,0.0664,0.2829,989.3941,0.160283,-422.976135,-422.968413,-422.967469,-423.00789,30.949,-1830.3452340871,-1842.3865042881,-1853.055412306,-1700.7608605331,777
gdb_77730,OC1C23CCC12OCO3,2.81203,1.65923,1.54187,1.3518,66.57,-0.2254,0.0609,0.2863,934.7419,0.13611,-458.892341,-458.884908,-458.883964,-458.923805,29.462,-1641.4305120921,-1651.875399397,-1661.358315405,-1524.7784715191,777
gdb_77731,OC1C23CCOC12CN3,2.32074,1.97246,1.61277,0.8994,70.28,-0.2179,0.0558,0.2738,924.042,0.1492,-439.012038,-439.004628,-439.003684,-439.043501,29.862,-1704.2705183701,-1715.618391126,-1725.694303139,-1580.8802861551,777
gdb_77732,OC1C23COC12CCC3,2.76001,1.57546,1.49216,2.1416,73.37,-0.2327,0.0507,0.2834,992.3926,0.160991,-422.97575,-422.968315,-422.967371,-423.007128,30.392,-1830.1036431221,-1842.3250084061,-1852.993916424,-1700.282698675,777
gdb_77733,OC1C23CCOC12CO3,2.31948,2.00932,1.61414,1.8819,66.33,-0.2265,0.0404,0.2669,905.33,0.136385,-458.885247,-458.877914,-458.87697,-458.916711,29.105,-1636.9789632461,-1647.486601451,-1656.969517459,-1520.326922673,777
gdb_77734,OC1C23COC12COC3,2.85862,1.61288,1.50126,1.3552,66.49,-0.2455,0.0358,0.2813,943.9816,0.137073,-458.891493,-458.884258,-458.883314,-458.92282,28.733,-1640.8983844601,-1651.467518547,-1660.950434555,-1524.160375154,777
gdb_77735,CC12C3CC=C(C13)C2O,2.33454,1.98921,1.36443,1.7578,82.55,-0.2124,-0.0338,0.1786,999.6879,0.159009,-385.796476,-385.788673,-385.787729,-385.828166,31.665,-1854.283447419,-1866.2745169001,-1876.943424918,-1724.9143094521,777
gdb_77736,CC12C3CN=C(C1O)N23,2.41795,2.11402,1.38908,2.4498,73.68,-0.2494,-0.0493,0.2001,948.0023,0.136382,-417.915106,-417.907724,-417.90678,-417.946564,29.292,-1631.516497401,-1641.993387665,-1651.4763036731,-1514.7565252801,777
gdb_77737,CC12C3N1CC=C3C2O,2.3166,2.11119,1.41866,1.9427,79.14,-0.2058,-0.0381,0.1677,961.5456,0.146573,-401.825888,-401.817867,-401.816923,-401.857905,31.426,-1724.1355707831,-1735.100663049,-1745.176575062,-1601.3490022261,777
gdb_77738,CC1C2=CCC3C2C13C,2.28707,1.96239,1.3497,1.0846,89.5,-0.2029,-0.0246,0.1783,1048.213,0.182096,-349.864989,-349.856754,-349.85581,-349.89704,33.265,-2033.609204385,-2047.1069229751,-2058.961823003,-1891.3516590671,777
gdb_77739,CC1C2=CCC3C2C13O,2.30729,1.99411,1.35848,1.709,82.02,-0.2071,-0.0297,0.1773,1002.2429,0.158611,-385.789266,-385.781404,-385.780459,-385.820928,32.028,-1849.7591075291,-1861.7131539791,-1872.381434488,-1720.3723993101,777
gdb_77740,CC1C2=CCN3C2C13C,2.2794,2.05141,1.38902,1.1863,85.53,-0.205,-0.0384,0.1666,1013.9503,0.17004,-365.89753,-365.889342,-365.888398,-365.929582,32.686,-1905.4248034101,-1918.0628346701,-1929.324738693,-1769.545259568,777
gdb_77741,OC1C2=CCC3C2C13O,2.36362,2.03103,1.38933,1.1858,75.38,-0.2075,-0.0301,0.1775,949.5138,0.135047,-421.717765,-421.709963,-421.709018,-421.749629,30.864,-1668.5583536711,-1678.7723176641,-1688.254606163,-1552.4133403701,777
gdb_77742,CC12C(O)C1C(=O)C2O,2.07451,1.5214,1.48941,4.0804,69.27,-0.2306,-0.0175,0.2131,1033.1102,0.134327,-458.948773,-458.940104,-458.93916,-458.981698,32.931,-1676.8420999801,-1686.5113861611,-1695.9943021691,-1561.106850056,777
gdb_77743,CC1C(=O)C2C(O)C12C,1.9793,1.51246,1.43515,3.0677,76.68,-0.2339,-0.0071,0.2268,1092.0671,0.156988,-423.021834,-423.012505,-423.011561,-423.055418,34.945,-1859.0217678781,-1870.054631116,-1880.723539134,-1730.585108285,777
gdb_77744,CC1C(=O)C2C(O)C12O,1.99722,1.54045,1.43073,3.7022,70.03,-0.2365,-0.0092,0.2273,1046.3652,0.133215,-458.943452,-458.934378,-458.933433,-458.976795,33.882,-1673.5031245911,-1682.918269627,-1692.400558126,-1558.030173429,777
gdb_77745,CC1C(=O)C2N(C)C12C,1.99169,1.53829,1.40205,2.5976,80.3,-0.2234,-0.0179,0.2055,1112.2478,0.168456,-403.124809,-403.115246,-403.114302,-403.1587,35.467,-1911.3685686581,-1923.143147534,-1934.405051557,-1776.386990195,777
gdb_77746,CC1C2C(=O)C(C)C12C,1.89032,1.50662,1.38458,3.3539,83.75,-0.2317,-0.0066,0.2252,1150.7141,0.180598,-387.094657,-387.085024,-387.08408,-387.128558,36.191,-2041.052088634,-2053.671922133,-2065.526822161,-1899.699411294,777
gdb_77747,CC1C2C(=O)C(C)C12O,1.91213,1.53503,1.38202,3.8882,76.79,-0.2318,-0.0081,0.2237,1103.9666,0.156728,-423.016578,-423.007124,-423.00618,-423.050368,35.21,-1855.7235805741,-1866.678005187,-1877.346913205,-1727.416187835,777
gdb_77748,CC1C2C(=O)C(O)C12C,1.97294,1.51573,1.42731,2.4023,76.92,-0.2288,-0.0145,0.2143,1094.1786,0.157014,-423.020226,-423.010822,-423.009878,-423.053957,34.955,-1858.0127334061,-1868.9985334691,-1879.6674414871,-1729.6683176361,777
gdb_77749,CC1C2C(=O)C(O)C12O,2.00134,1.53718,1.43316,2.5831,69.39,-0.2325,-0.0182,0.2143,1046.041,0.133153,-458.941877,-458.932644,-458.9317,-458.97551,33.94,-1672.5147979161,-1681.830169021,-1691.313085029,-1557.223824364,777
gdb_77750,CC1C2C(=O)N(C)C12C,1.97398,1.61923,1.38568,3.9033,80.4,-0.2278,0.0199,0.2477,1106.7136,0.169314,-403.154245,-403.144683,-403.143739,-403.188137,35.209,-1929.8399235821,-1941.615129967,-1952.87703399,-1794.858972628,777
gdb_77751,CC1N2C(=N)C(O)C12C,1.98547,1.60629,1.42364,3.3028,77.24,-0.2387,0.001,0.2397,1078.814,0.157798,-419.168276,-419.158946,-419.158001,-419.201826,34.931,-1790.040331017,-1801.0719392371,-1811.740219746,-1661.222145952,777
gdb_77752,CC1N2C(=O)C(C)C12C,1.92684,1.59526,1.41436,4.0908,79.34,-0.2371,-0.0047,0.2324,1109.8587,0.16893,-403.145543,-403.136018,-403.135074,-403.17932,35.413,-1924.379340264,-1936.177764482,-1947.439668505,-1789.326225775,777
gdb_77753,CC1N2C(=O)C(O)C12C,2.01177,1.59603,1.46582,3.0384,72.5,-0.2362,-0.0136,0.2226,1053.0843,0.145297,-439.069102,-439.059803,-439.058859,-439.102691,34.21,-1740.078691946,-1750.241200201,-1760.317112214,-1618.022543865,777
gdb_77754,CN1C(=O)C2C(O)C12C,2.07629,1.6311,1.44153,3.3285,73.16,-0.2318,0.0145,0.2462,1045.2428,0.14584,-439.078808,-439.069565,-439.06862,-439.112388,33.871,-1746.1692943,-1756.366943059,-1766.442227563,-1624.107498638,777
gdb_77755,CN1C2C(=O)C(O)C12C,2.08272,1.54491,1.44985,1.6757,73.5,-0.2248,-0.0263,0.1985,1055.6863,0.1448,-439.049458,-439.040081,-439.039136,-439.083274,34.273,-1727.7519051501,-1737.865467703,-1747.940752207,-1605.838201612,777
gdb_77756,CC1(C)C2C(O)C1C2=O,2.25178,1.78668,1.15632,2.6543,76.2,-0.2369,0.0027,0.2396,1087.9779,0.157181,-422.983124,-422.974186,-422.973242,-423.016016,34.614,-1834.730894488,-1846.009113745,-1856.6780217631,-1705.859998667,777
gdb_77757,CC1(O)C2C(O)C1C2=O,2.32104,1.81298,1.18038,3.5231,69.14,-0.2358,0.0062,0.242,1036.4969,0.133548,-458.914396,-458.905823,-458.904879,-458.946832,33.404,-1655.2702230871,-1664.9997501321,-1674.48266614,-1539.228121262,777
gdb_77758,CC1C2C(=O)C1C2(C)C,2.42125,1.62381,1.12818,3.0555,83.45,-0.2361,0.0157,0.2519,1158.3656,0.180717,-387.065974,-387.056748,-387.055804,-387.099141,35.819,-2023.053247987,-2035.9284776491,-2047.783377677,-1881.239979041,777
gdb_77759,CC1C2C(=O)C1C2(C)O,2.48505,1.64467,1.14769,4.0913,76.25,-0.2354,0.019,0.2544,1107.7356,0.157074,-422.99549,-422.986591,-422.985647,-423.028274,34.626,-1842.4906707821,-1853.79336289,-1864.462270908,-1713.552003989,777
gdb_77760,CN1C2C(=O)C1C2(C)C,2.11268,1.85073,1.14029,3.6582,81.07,-0.2177,0.0118,0.2295,1127.4737,0.167835,-403.072236,-403.062693,-403.061749,-403.106497,35.607,-1878.378538001,-1890.1656670571,-1901.42757108,-1743.629137868,777
gdb_77761,CN1C2C(=O)C1C2(C)O,2.16746,1.87488,1.16115,4.6149,74.18,-0.2233,0.0113,0.2346,1077.9258,0.144078,-439.002808,-438.993589,-438.992645,-439.036567,34.471,-1698.4786103001,-1708.691319275,-1718.767231288,-1576.529138749,777
gdb_77762,CC1C2C(=O)C1C21CC1,2.74615,1.51389,1.13572,3.0114,81.13,-0.2383,0.0144,0.2527,1124.832,0.158583,-385.840266,-385.832147,-385.831203,-385.872601,32.01,-1881.762066529,-1893.5548431661,-1904.223751184,-1752.797671867,777
gdb_77763,CC1C2C(=O)C1C21CN1,2.80759,1.51797,1.14507,3.6824,77.29,-0.2429,0.0088,0.2517,1098.2026,0.147416,-401.881589,-401.873653,-401.872709,-401.913777,31.089,-1759.0884495921,-1770.106880123,-1780.182792136,-1636.409185074,777
gdb_77764,CC1C2C(=O)C1C21CO1,2.86419,1.51717,1.15122,4.1975,73.28,-0.2474,0.0037,0.2511,1077.7044,0.134749,-421.764393,-421.756582,-421.755637,-421.79649,30.32,-1697.8178433231,-1708.026159735,-1717.508448234,-1581.819039619,777
gdb_77765,CN1C2C(=O)C1C21CC1,2.19971,1.89779,1.18553,3.6575,77.77,-0.2261,0.0023,0.2284,1064.4316,0.146294,-401.853671,-401.845603,-401.844659,-401.885964,31.499,-1741.56965333,-1752.505252673,-1762.581164686,-1618.956277257,777
gdb_77766,CN1C2C(=O)C1C21CN1,2.22615,1.91325,1.19582,4.0263,74.06,-0.2368,-0.005,0.2318,1039.4535,0.134993,-417.895257,-417.887331,-417.886387,-417.927479,30.622,-1619.0610712601,-1629.196596628,-1638.679512636,-1502.780516015,777
gdb_77767,CN1C2C(=O)C1C21CO1,2.24536,1.92179,1.20199,4.356,70.12,-0.2458,-0.0116,0.2342,1020.7544,0.122258,-437.778012,-437.770192,-437.769248,-437.810181,29.871,-1557.75971705,-1567.073205628,-1575.963125631,-1448.183467961,777
gdb_77768,OC1C2C(=O)C1C21CC1,2.78009,1.54344,1.15383,3.9453,73.65,-0.2391,0.0151,0.2542,1068.2104,0.135024,-421.764594,-421.756765,-421.755821,-421.796664,30.768,-1697.943972632,-1708.140993882,-1717.6239098901,-1581.928226185,777
gdb_77769,OC1C2C(=O)C1C21CN1,2.84711,1.54707,1.16367,4.7635,69.88,-0.2438,0.0094,0.2532,1041.8245,0.123818,-437.804917,-437.797274,-437.79633,-437.836836,29.852,-1574.6428466951,-1584.067404366,-1592.957324369,-1464.909720356,777
gdb_77770,OC1C2C(=O)C1C21CO1,2.90906,1.54594,1.17057,4.8928,65.94,-0.2483,0.0042,0.2525,1021.2657,0.111096,-457.686907,-457.679384,-457.67844,-457.71874,29.103,-1512.8614481001,-1521.472754107,-1529.769678105,-1409.8119201201,777
gdb_77771,CC12C=CC(=O)C1C2O,2.45081,1.5325,1.33367,3.715,75.05,-0.24,-0.0601,0.1799,1038.6053,0.13536,-421.841146,-421.833011,-421.832067,-421.873469,31.474,-1745.9810416001,-1755.9860450961,-1765.468961104,-1630.1240549301,777
gdb_77772,CC1C2C(=O)C=CC12C,2.3593,1.53209,1.3072,3.7313,82.01,-0.2341,-0.0501,0.184,1088.9661,0.158966,-385.918431,-385.909946,-385.909002,-385.951072,32.802,-1930.811307514,-1942.374415857,-1953.043323875,-1802.0389306061,777
gdb_77773,CC1C2C(=O)C=CC12O,2.38924,1.55316,1.31741,4.2145,74.31,-0.2386,-0.0562,0.1824,1039.3688,0.135161,-421.838093,-421.829869,-421.828925,-421.870489,31.729,-1744.0652566231,-1754.014411818,-1763.4973278261,-1628.2540781101,777
gdb_77774,CC1N2C(=O)C=CC12C,2.44247,1.64899,1.36809,4.4499,78.22,-0.2449,-0.05,0.1949,1033.1107,0.147193,-401.969587,-401.961263,-401.960319,-402.002078,31.868,-1814.307986574,-1825.082943613,-1835.158855626,-1691.818857283,777
gdb_77775,CN1C2C(=O)C=CC12C,2.52054,1.53708,1.34205,3.2113,78.4,-0.2306,-0.0645,0.166,1051.4668,0.146747,-401.946878,-401.938459,-401.937515,-401.979479,32.151,-1800.0578846931,-1810.7732283771,-1820.84914039,-1677.637781392,777
gdb_77776,OC1C2C(=O)C=CC12O,2.51242,1.56334,1.35003,3.1304,67.05,-0.2436,-0.0575,0.1861,985.3656,0.111436,-457.760387,-457.752427,-457.751483,-457.792616,30.468,-1558.9708094201,-1567.307893994,-1575.604817992,-1456.169775004,777
gdb_77777,CC1C2C(=N)OC12C#C,2.60466,1.44534,1.09783,2.5531,79.82,-0.253,-0.0049,0.2481,1122.2756,0.122287,-400.688381,-400.679948,-400.679004,-400.721323,31.915,-1638.191310634,-1647.1207637041,-1656.010683707,-1529.356149674,777
gdb_77778,CC1C2C(=N)OC12C#N,2.60725,1.45274,1.10262,3.1498,73.8,-0.2841,-0.0269,0.2572,1095.7804,0.111973,-416.790473,-416.782419,-416.781474,-416.823204,29.815,-1553.6507881181,-1561.928886846,-1570.2251833351,-1451.060596726,777
gdb_77779,CC1C2C(=O)CC12C#C,2.56243,1.3622,1.05754,2.8291,82.13,-0.2452,-0.023,0.2223,1163.4382,0.133868,-384.652528,-384.643945,-384.643,-384.685577,32.832,-1764.2974018011,-1774.021908774,-1783.504197273,-1649.1520103371,777
gdb_77780,CC1C2C(=O)CC12C#N,2.58856,1.36315,1.06268,2.9609,75.9,-0.2651,-0.0421,0.223,1135.527,0.123741,-400.757893,-400.749713,-400.748769,-400.790719,30.598,-1681.8107162421,-1690.898929089,-1699.788849092,-1572.9027642381,777
gdb_77781,CC1C2C(=O)NC12C#C,2.75338,1.37056,1.07358,3.4934,77.86,-0.2428,-0.0082,0.2346,1130.5181,0.122697,-400.710553,-400.702144,-400.7012,-400.743355,32.034,-1652.1044401821,-1661.048953468,-1669.938873471,-1543.1814279621,777
gdb_77782,CC1C2C(=O)OC12C#C,2.61155,1.45226,1.09993,4.133,74.16,-0.2613,-0.017,0.2443,1101.1922,0.110327,-420.591295,-420.58307,-420.582126,-420.624069,30.837,-1589.5399103551,-1597.7113325531,-1606.0082565511,-1487.3368920161,777
gdb_77783,CC1C2C(=O)OC12C#N,2.6187,1.4584,1.10481,4.0984,68.34,-0.2981,-0.0394,0.2586,1074.8585,0.099938,-436.692422,-436.684537,-436.683593,-436.725056,28.787,-1504.3938416541,-1511.889436659,-1519.593364652,-1408.480346022,777
gdb_77784,CC1N2C(=N)CC12C#N,2.8371,1.36809,1.09385,4.5254,77.07,-0.2649,-0.0259,0.239,1113.9751,0.124009,-396.902252,-396.894002,-396.893057,-396.935087,30.735,-1611.522178134,-1620.565837842,-1629.455130336,-1502.259683545,777
gdb_77785,CC1N2C(=O)CC12C#C,2.82725,1.36912,1.09149,3.7357,77.78,-0.2491,-0.0221,0.227,1119.8794,0.12186,-400.699124,-400.690604,-400.68966,-400.732099,32.116,-1644.932639821,-1653.807499608,-1662.697419611,-1536.118186658,777
gdb_77786,CC1N2C(=O)CC12C#N,2.84229,1.37408,1.09639,3.8237,71.77,-0.2713,-0.042,0.2293,1092.6449,0.111592,-416.802144,-416.794005,-416.793061,-416.834913,29.978,-1560.974445657,-1569.19920612,-1577.496130118,-1458.408099607,777
gdb_77787,CN1C2C(=O)CC12C#C,2.76487,1.36002,1.08291,2.0889,78.6,-0.2375,-0.0336,0.2039,1126.4691,0.1217,-400.678875,-400.670398,-400.669454,-400.711878,32.003,-1632.22621008,-1641.128052754,-1650.017972757,-1523.429327169,777
gdb_77788,CN1C2C(=O)CC12C#N,2.78583,1.36173,1.08724,2.8179,72.44,-0.2571,-0.053,0.204,1099.7682,0.111401,-416.782755,-416.774626,-416.773682,-416.815599,29.922,-1548.807673656,-1557.038709209,-1565.335633207,-1446.288390781,777
gdb_77789,NC1C2C(=N)OC12C#N,2.66484,1.45272,1.10417,2.5397,71.03,-0.2577,-0.0284,0.2293,1070.6731,0.101109,-432.833345,-432.825416,-432.824472,-432.86595,29.405,-1431.949182622,-1439.416539722,-1447.120467715,-1335.657299063,777
gdb_77790,NC1C2C(=O)OC12C#N,2.66767,1.46038,1.10706,3.3543,65.66,-0.2683,-0.041,0.2273,1049.8547,0.089028,-452.735356,-452.727596,-452.726652,-452.767858,28.389,-1382.7311417161,-1389.415995093,-1396.526927081,-1293.112188863,777
gdb_77791,OC1C2C(=N)NC12C#N,2.90553,1.37772,1.10135,3.4781,70.15,-0.2665,-0.0244,0.2421,1069.0884,0.101022,-432.834744,-432.826799,-432.825855,-432.867335,29.473,-1432.827067713,-1440.284384669,-1447.988312662,-1336.5263990281,777
gdb_77792,OC1C2C(=N)OC12C#C,2.66593,1.45872,1.11511,2.2333,72.52,-0.2579,-0.0141,0.2438,1071.1604,0.098865,-436.609826,-436.601856,-436.600911,-436.64225,30.454,-1452.56410829,-1460.00636503,-1467.709665514,-1356.5188357681,777
gdb_77793,OC1C2C(=N)OC12C#N,2.66782,1.46574,1.11904,1.8702,66.68,-0.2835,-0.0366,0.2469,1045.6073,0.08844,-452.710693,-452.703063,-452.702119,-452.742962,28.422,-1367.254887249,-1374.021316796,-1381.132248784,-1277.489724799,777
gdb_77794,OC1C2C(=O)CC12C#C,2.68629,1.36745,1.07959,2.6261,74.9,-0.2481,-0.0247,0.2234,1108.6332,0.110157,-420.576747,-420.56844,-420.567496,-420.609552,31.585,-1580.4109094231,-1588.530875883,-1596.827799881,-1478.2273438631,777
gdb_77795,OC1C2C(=O)CC12C#N,2.72291,1.36712,1.08546,3.1302,68.74,-0.2667,-0.0438,0.2229,1080.8604,0.099931,-436.681239,-436.673319,-436.672375,-436.713838,29.398,-1497.3764085071,-1504.850040697,-1512.55396869,-1401.4409500601,777
gdb_77796,OC1C2C(=O)NC12C#C,2.92644,1.37197,1.09624,3.1268,70.54,-0.2493,-0.0134,0.2359,1075.9968,0.099112,-436.63322,-436.625095,-436.624151,-436.66578,30.701,-1467.2440538361,-1474.589046681,-1482.292974674,-1371.284122538,777
gdb_77797,OC1C2C(=O)OC12C#C,2.7315,1.45599,1.11463,4.5138,67.06,-0.2663,-0.0217,0.2446,1051.7468,0.086569,-456.509926,-456.501979,-456.501035,-456.542434,29.584,-1402.1468976851,-1408.715034388,-1415.825966376,-1312.891900052,777
gdb_77798,CC1C2C(=N)OC12C=O,2.38512,1.50897,1.11054,3.527,73.59,-0.2627,-0.0458,0.217,1110.599,0.122576,-437.866473,-437.85817,-437.857226,-437.899574,30.55,-1613.269790699,-1622.28019243,-1631.1701124331,-1504.278379998,777
gdb_77799,CC1C2C(=O)CC12C=O,2.34197,1.41819,1.06207,3.4784,75.72,-0.2546,-0.0481,0.2065,1154.0318,0.134067,-421.83299,-421.824483,-421.823539,-421.86633,31.466,-1740.8630781961,-1750.634648344,-1760.117564352,-1625.644268179,777
